alumID,memoryID
942,1
1728,1
2091,1
2315,1
2716,1
1786,2
2221,2
2862,3
185,4
228,4
233,4
420,4
450,4
643,4
664,4
977,4
1143,4
1218,4
1828,4
2062,4
2082,4
2121,4
2257,4
2282,4
2362,4
2421,4
2473,4
109,5
1397,5
1397,5
113,6
160,7
519,8
2815,9
1875,10
415,11
1215,11
1233,11
1875,12
645,14
815,14
201,15
217,15
287,15
389,15
412,15
556,15
703,15
1086,15
1233,15
1310,15
1310,15
1347,15
1349,15
1436,15
1436,15
1834,15
1934,15
2095,15
2277,15
2539,15
2815,25
2526,17
202,18
14,53
786,53
583,19
2760,19
10,20
247,20
622,21
2385,21
65,22
80,22
245,22
287,22
412,22
451,22
556,22
591,22
597,22
616,22
622,22
677,22
705,22
795,22
815,22
1025,22
1044,22
1177,22
1226,22
1595,22
1720,22
1722,22
1786,22
1889,22
1934,22
2078,22
2091,22
2182,22
2221,22
2267,22
2362,22
2383,22
2385,22
2394,22
2479,22
2602,22
2674,22
2716,22
2727,22
2775,22
2799,22
2843,22
2982,22
3037,22
4,22
26,22
37,22
374,22
1397,22
1397,22
10,23
897,24
1042,24
59,25
160,25
225,25
233,25
235,25
263,25
266,25
279,25
345,25
374,25
435,25
562,25
575,25
591,25
801,25
1031,25
1198,25
1337,25
1401,25
1598,25
1712,25
1765,25
2115,25
2120,25
2223,25
2389,25
2526,25
2550,25
2782,25
2799,25
3016,25
1386,25
2560,25
1723,25
228,25
1554,25
1605,25
1882,25
2816,25
287,25
2381,25
2764,25
930,25
786,25
1386,25
1263,25
930,25
1155,26
27,27
58,27
134,27
152,27
161,27
174,27
1042,27
1044,27
1193,27
1265,27
1310,27
1310,27
2357,27
1155,28
583,29
781,30
786,30
510,30
408,1
1386,1
1386,1
1800,1
2560,1
202,31
117,32
27,33
46,33
92,33
176,33
185,33
250,33
1203,33
1278,33
1349,33
1725,33
1873,33
1934,33
2215,33
2473,33
2560,33
2602,33
2641,33
1386,34
1863,34
2002,34
726,377
811,377
2466,377
2479,377
2602,377
1054,377
209,21
261,21
275,21
331,21
350,21
362,21
576,21
583,21
599,21
653,21
789,21
795,21
890,21
925,21
950,21
1067,21
1167,21
1177,21
1256,21
1349,21
1472,21
1503,21
2027,21
2129,21
2164,21
2215,21
2357,21
2393,21
2473,21
2787,21
2924,21
2949,21
2980,21
1243,35
25,36
15,37
859,37
2240,37
1177,38
510,378
355,379
786,380
2557,381
168,378
303,378
446,378
617,378
623,378
650,378
811,378
1039,378
1089,378
1165,378
1470,378
1503,378
1615,378
1736,378
1783,378
1863,378
1887,378
1909,378
2091,378
2215,378
2732,378
2831,378
2851,378
545,378
1805,378
1152,378
491,378
1417,378
795,378
760,378
776,378
942,382
2604,382
547,382
1102,383
2557,383
1337,384
1598,385
309,386
996,386
1098,386
1872,386
2029,386
664,39
1800,39
1979,39
2362,39
2557,40
2557,41
360,387
510,42
2560,42
2560,42
200,43
724,44
2002,44
2233,44
2413,44
2560,44
113,45
41,46
228,46
319,46
413,46
510,46
547,46
576,46
643,46
1008,46
1046,46
1093,46
1113,46
1143,46
1148,46
1172,46
1238,46
1338,46
1403,46
1403,46
1422,46
1490,46
1492,46
1598,46
1742,46
1805,46
2078,46
2082,46
2097,46
2120,46
2123,46
2211,46
2223,46
2257,46
2279,46
2333,46
2354,46
2551,46
2656,46
2816,46
2827,46
2862,46
3039,46
3047,46
766,46
269,45
2095,45
2760,25
46,45
108,48
171,48
202,48
228,48
557,48
2173,48
2862,48
2916,48
622,49
92,50
1421,50
1422,50
1598,50
1909,50
2223,50
2466,50
3047,53
849,51
261,52
269,52
558,54
634,54
830,54
2379,55
795,54
2628,54
2687,54
2603,54
2710,54
1990,54
2379,54
2687,54
50,54
107,54
1360,54
1527,54
1703,54
1720,54
1793,54
1854,54
2145,54
2600,54
2829,54
2851,54
1549,55
1703,58
1854,58
1438,56
1549,56
2329,57
2928,57
317,59
518,59
541,59
1720,59
2705,59
2829,59
573,60
2851,60
899,61
1055,61
1533,61
1748,61
1793,61
1691,59
171,62
1592,63
1337,64
413,65
2466,66
2597,66
2844,66
2764,66
382,66
651,66
897,66
966,66
1061,66
1123,66
1347,66
1470,66
1592,66
1600,66
1702,66
2232,66
1044,66
1728,67
1262,97
412,67
666,67
1025,67
2560,67
2799,67
2282,68
160,69
357,70
1738,71
2002,66
2764,72
397,73
1600,73
1876,73
2252,73
2486,73
2764,73
2799,73
412,73
18,73
1044,73
1277,73
1420,73
2702,74
26,75
606,75
1616,75
309,76
547,76
996,76
1838,76
2062,76
2297,76
2667,76
2935,76
2949,1357
1872,1359
2279,1358
2429,1358
2546,1358
18,1360
175,1361
1892,75
2799,75
1304,92
2297,77
1492,1362
576,1362
1113,1362
1238,1362
2123,1362
1173,1362
413,1362
1873,78
494,79
2282,80
2251,81
357,82
1728,83
2799,83
1876,83
1817,83
1725,83
347,84
2984,85
1322,86
2736,87
496,87
798,87
1277,88
29,89
279,89
1108,89
1504,89
2033,89
2282,89
2578,89
2736,89
2762,89
2850,89
0,89
2844,90
1800,91
2472,1358
2573,1358
2384,1363
1322,1364
1140,1365
350,91
18,93
557,1366
2796,94
2862,95
2282,96
245,1367
494,1368
2655,1369
4,97
18,97
92,97
245,97
250,97
357,97
412,97
651,97
966,97
1420,97
1470,97
1483,97
1592,97
1600,97
1725,97
1728,97
1738,97
1831,97
1852,97
1876,97
2221,97
2241,97
2252,97
2383,97
2435,97
2486,97
2538,97
2630,97
2655,97
2674,97
2697,97
2702,97
2796,97
2862,52
4,98
37,98
47,98
50,98
61,98
65,98
76,98
139,98
156,98
171,98
217,98
263,98
268,98
389,98
392,98
412,98
451,98
519,98
591,98
606,98
613,98
622,98
849,98
897,98
898,98
905,98
925,98
927,98
942,98
1038,98
1044,98
1056,98
1061,98
1085,98
1093,98
1100,98
1123,98
1129,98
1135,98
1143,98
1158,98
1218,98
1226,98
1233,98
1243,98
1266,98
1302,98
1328,98
1335,98
1345,98
1347,98
1362,98
1397,98
1397,98
1410,98
1410,98
1421,98
1436,98
1436,98
1500,98
1503,98
1528,98
1533,98
1556,98
1592,98
1605,98
1613,98
1625,98
1641,98
1684,98
1695,98
1831,98
1846,98
1852,98
1883,98
1934,98
1947,98
2027,98
2070,98
2082,98
2133,98
2140,98
2152,98
2163,98
2182,98
2183,98
2224,98
2249,98
2282,98
2322,98
2343,98
2352,98
2435,98
2480,98
2526,98
2674,98
2727,98
2764,98
2766,98
2775,98
2796,98
2799,98
2801,98
2813,98
2821,98
2827,98
2862,98
2867,98
2886,98
2966,98
2980,98
3037,98
115,98
245,98
224,98
194,98
2291,985
103,100
1046,100
37,101
59,101
412,101
591,101
897,101
898,101
943,101
1086,101
1098,101
1123,101
1152,101
1190,101
1702,101
1831,101
2091,101
2133,101
2357,101
2716,101
2764,101
2886,101
1129,102
1436,102
1436,102
1592,102
2560,102
2656,102
2799,102
2315,102
79,103
717,103
847,103
916,103
978,103
1033,103
1039,103
1173,103
1193,103
1295,103
1302,103
1303,103
1303,103
1337,103
1338,103
1347,103
1490,103
1554,103
1578,103
1698,103
1720,103
1765,103
1778,103
1997,103
2029,103
2056,103
2062,103
2133,103
2259,103
2286,103
2357,103
2545,103
2624,103
2770,103
2787,103
2875,103
228,104
705,104
1,105
1,106
1403,106
1737,106
2393,107
37,104
2526,104
2799,104
2333,108
1635,109
356,110
8,103
1403,111
42,103
8,112
8,113
1800,114
1395,115
1290,116
2982,116
2333,117
2826,118
1851,119
42,103
209,120
1070,121
1737,121
1190,103
313,103
1730,122
1102,123
996,124
2004,125
1800,103
362,126
2862,127
2435,104
1,128
1742,128
2935,128
2354,129
1102,130
1089,131
1403,132
1310,132
2751,133
2357,134
5,1373
5,1373
41,1373
1008,1373
988,1049
972,610
2291,1370
776,1371
2813,1371
1531,1061
1093,98
1093,1374
2886,953
2282,1376
2291,1320
77,1122
41,1377
969,1378
2291,1151
1403,1379
2526,953
1728,1380
5,1381
1181,994
1190,994
2843,1382
1266,970
1786,1383
1085,1384
981,1385
1800,1386
1310,1335
2291,1335
2291,1336
174,136
186,136
2573,136
415,136
41,137
200,137
200,137
209,137
209,137
838,137
1696,137
2292,137
2907,137
15,136
44,136
74,136
77,136
117,136
131,136
132,136
150,136
153,136
156,136
210,136
210,136
211,136
211,136
214,136
225,136
225,136
245,136
246,136
246,136
275,136
310,136
311,136
330,136
350,136
355,136
362,136
372,136
407,136
420,136
427,136
438,136
465,136
467,136
478,136
490,136
496,136
504,136
506,136
528,136
558,136
599,136
613,136
620,136
632,136
648,136
652,136
667,136
689,136
696,136
731,136
755,136
776,136
807,136
812,136
849,136
857,136
896,136
898,136
936,136
945,136
988,136
989,136
996,136
1005,136
1056,136
1066,136
1070,136
1083,136
1085,136
1108,136
1112,136
1140,136
1143,136
1148,136
1155,136
1165,136
1175,136
1193,136
1234,136
1238,136
1261,136
1281,136
1297,136
1328,136
1338,136
1340,136
1363,136
1389,136
1389,136
1401,136
1401,136
1403,136
1490,136
1504,136
1527,136
1540,136
1577,136
1578,136
1654,136
1655,136
1662,136
1684,136
1712,136
1730,136
1742,136
1800,136
1842,136
1852,136
1863,136
1872,136
1882,136
1918,136
1943,136
1951,136
1975,136
2027,136
2029,136
2055,136
2059,136
2078,136
2082,136
2083,136
2084,136
2085,136
2091,136
2098,136
2103,136
2121,136
2123,136
2130,136
2174,136
2208,136
2227,136
2255,136
2257,136
2259,136
2279,136
2282,136
2286,136
2293,136
2308,136
2329,136
2337,136
2361,136
2367,136
2375,136
2379,136
2384,136
2391,136
2421,136
2423,136
2435,136
2437,136
2448,136
2472,136
2475,136
2551,136
2604,136
2616,136
2620,136
2649,136
2656,136
2660,136
2665,136
2669,136
2702,136
2710,136
2726,136
2732,136
2751,136
2787,136
2795,136
2875,136
2876,136
2892,136
2924,136
2935,136
2940,136
2941,136
2978,136
2983,136
3006,136
3024,136
3039,136
3047,136
643,136
171,136
557,136
491,136
491,138
1786,136
1786,138
702,136
702,137
2557,136
2557,1387
37,138
59,138
61,138
224,138
392,138
435,138
511,138
519,138
739,138
815,138
1098,138
1129,138
1233,138
1266,138
1302,138
1436,138
1436,138
1438,138
1438,138
1548,138
1549,138
1550,138
1592,138
1634,138
1635,138
2102,138
2133,138
2303,138
2315,138
2343,138
2495,138
2560,138
2795,138
2867,138
2916,138
217,138
218,138
58,136
355,137
1155,137
25,139
412,139
643,139
882,139
1328,139
1436,139
1702,139
2630,139
2655,139
2843,139
1129,139
981,139
139,136
1809,136
1,140
172,140
340,140
350,140
451,140
859,140
2843,140
310,141
313,141
795,141
1314,141
1402,141
1780,141
2146,141
2397,141
2815,141
2907,141
2924,141
620,142
812,142
407,143
581,143
1113,143
1146,144
546,145
1039,146
1128,146
1466,147
2103,147
1698,148
627,149
752,149
1056,149
1251,149
1900,149
1943,149
2306,149
2564,149
953,150
2098,150
1300,151
511,152
1129,153
2374,154
1943,155
813,156
198,157
210,158
319,158
420,158
752,158
813,158
858,158
859,158
1005,158
1008,158
1010,158
1082,158
1113,158
1274,158
1303,158
1621,158
1685,158
1698,158
1721,158
1731,158
1900,158
2098,158
2557,158
2564,158
2622,158
2665,158
2718,158
1778,158
465,159
1008,159
1082,160
1655,160
2268,160
2331,160
2822,161
1549,162
1381,163
1730,164
2941,165
465,166
796,166
813,166
1008,166
1177,166
1199,166
1830,166
1961,166
2649,166
2661,166
2795,166
1035,167
1598,167
1800,168
752,169
3017,170
2557,171
2557,172
95,173
1039,173
1947,173
2340,173
1961,174
1381,175
2103,176
287,177
1748,178
375,179
677,179
695,179
1598,179
2343,179
795,180
896,180
461,181
890,181
461,181
702,182
2941,182
1745,183
345,184
1039,184
1638,184
1234,185
113,186
160,186
311,186
1148,186
1402,186
1684,186
2322,186
2765,186
1748,187
2815,187
2924,188
2810,189
946,190
311,191
812,191
1108,191
1148,191
999999,191
2435,192
210,147
859,147
465,147
884,147
405,193
859,194
1008,194
1082,194
1136,194
1269,194
1322,194
2660,194
18,195
284,195
573,195
708,195
801,195
1055,195
1166,195
1317,195
1549,195
1776,195
1909,195
2327,195
2822,195
2837,195
3030,195
1293,195
69,196
1917,197
511,198
375,199
511,199
1129,199
1262,199
2641,199
2886,199
1129,200
1150,201
616,202
801,202
953,202
1259,202
944,203
1345,203
1598,203
1720,203
2698,203
2815,203
3037,203
1524,204
415,205
1106,205
1129,205
1634,205
2397,205
2980,205
198,206
2103,207
68,208
87,208
128,208
150,208
210,208
310,208
311,208
445,208
485,208
620,208
812,208
945,208
996,208
1082,208
1113,208
1304,208
1465,208
1712,208
1863,208
1875,208
2004,208
2123,208
2264,208
2286,208
2340,208
2374,208
2472,208
2498,208
2543,208
2878,208
2966,208
2769,1404
814,209
65,210
150,210
246,210
406,210
407,210
438,210
546,210
551,210
581,210
583,210
620,210
724,210
761,210
800,210
812,210
1070,210
1071,210
1113,210
1124,210
1146,210
1173,210
1274,210
1304,210
1546,210
1628,210
1655,210
1698,210
1780,210
1784,210
2048,210
2113,210
2129,210
2249,210
2405,210
2451,210
2548,210
2660,210
2741,210
2823,210
2889,210
2907,210
2920,210
1716,210
2788,211
2853,211
131,212
407,212
989,212
1083,212
1465,212
2397,212
74,213
87,213
133,213
246,213
258,213
581,213
627,213
687,213
752,213
813,213
841,213
884,213
989,213
1010,213
1056,213
1128,213
1135,213
1322,213
1381,213
1402,213
1411,213
1417,213
1684,213
1778,213
1853,213
1943,213
2015,213
2112,213
2308,213
2429,213
2472,213
2548,213
2581,213
2725,213
407,213
2331,213
40,214
932,214
1039,214
1404,214
766,215
1043,215
1602,215
1718,215
2100,216
2603,217
128,218
218,218
465,218
546,218
862,218
1108,218
1114,218
1124,218
1143,218
1172,218
1177,218
1208,218
1269,218
1274,218
1304,218
1402,218
1450,218
1655,218
1742,218
1882,218
1900,218
2062,218
2098,218
2121,218
2130,218
2268,218
2452,218
2546,218
2578,218
2614,218
2642,218
2649,218
2687,218
2725,218
2739,218
2741,218
2907,218
2935,218
406,218
313,219
620,220
690,220
708,220
926,220
1033,220
1143,220
1243,220
1598,220
2027,220
2164,220
2268,220
2596,220
2845,220
1,221
150,221
301,221
813,221
1046,221
1684,221
1890,221
1900,221
1976,221
2062,221
2098,221
2146,221
2268,221
2614,221
2649,221
2882,221
2897,221
3017,221
313,222
1106,223
40,224
89,224
130,224
597,224
981,224
1046,224
1072,224
1328,224
1389,224
1546,224
1740,224
1875,224
2543,224
2760,224
1402,225
666,226
2778,226
1466,227
1634,228
1351,229
1043,230
1303,230
445,231
620,231
2435,231
2543,231
113,232
313,232
405,232
467,232
626,232
765,232
768,232
1216,232
1361,232
1446,232
1721,232
1749,232
1918,232
2103,232
2238,232
2414,232
2589,232
2924,232
1648,232
929,233
1146,233
2146,233
2889,233
765,234
250,235
677,235
824,235
919,235
1152,235
1349,235
1354,235
1386,235
1780,235
1804,235
2380,235
2805,235
1634,235
576,236
589,236
614,236
1696,236
589,236
71,237
210,237
347,237
372,237
546,237
581,237
639,237
667,237
813,237
1066,237
1071,237
1082,237
1119,237
1136,237
1304,237
1381,237
1655,237
2264,237
2331,237
2551,237
2557,237
2665,237
2741,237
2862,237
768,238
1337,239
890,240
74,241
625,241
1056,241
1381,241
1411,241
1492,241
2581,241
1138,242
1598,243
65,244
446,244
1106,244
1748,244
3037,244
1327,245
597,246
150,247
349,247
1321,247
2293,247
1055,248
620,249
1354,250
2621,251
667,252
1044,250
2163,253
360,254
796,254
972,255
1258,256
1386,256
2015,257
1401,258
2557,259
1327,260
2630,260
1,261
551,261
581,261
583,261
812,261
1146,261
1173,261
1274,261
1942,261
2316,261
2889,261
2913,261
1446,262
667,263
1465,263
1856,263
2642,263
2862,263
765,264
1028,264
2924,264
1128,265
70,266
801,266
1043,266
1150,266
1401,266
1628,266
1782,266
1943,266
1947,266
2897,266
884,267
1304,267
1712,267
1896,267
2286,267
2306,267
2589,267
2822,267
1800,268
2799,268
2799,268
245,269
1628,269
2163,270
2916,270
2103,271
2589,271
2603,271
589,272
1662,272
1764,272
1875,272
2677,272
131,273
150,273
225,273
310,273
438,273
496,273
581,273
620,273
812,273
989,273
1128,273
1274,273
1402,273
1465,273
2114,273
2128,273
2259,273
499,274
795,274
1300,274
1720,274
2215,274
2669,274
2916,274
1177,275
2788,275
2277,276
1008,277
1082,277
2282,278
946,279
1148,279
2526,280
310,281
407,281
1113,281
1136,281
1304,281
2331,281
111,281
111,282
347,282
442,282
581,282
1124,282
1155,282
1304,282
1411,282
2331,282
2405,282
152,283
339,283
427,283
445,283
573,283
890,283
953,283
981,283
1077,283
1628,283
1702,283
1853,283
1854,283
2121,283
2269,283
2448,283
2466,283
2606,283
2622,283
2655,283
2700,283
2863,283
2980,283
41,287
1362,287
1,285
70,285
171,285
275,285
367,285
422,285
632,285
771,285
858,285
862,285
877,285
1114,285
1128,285
1356,285
1503,285
1550,285
1742,285
1782,285
1862,285
1890,285
1900,285
1909,285
2121,285
2397,285
2452,285
2526,285
2546,285
2578,285
2614,285
2755,285
2810,285
2878,285
2882,285
2897,285
2935,285
2944,285
1199,286
946,287
1167,288
2665,289
2526,290
2095,291
1549,292
1730,293
1251,294
1008,295
1329,295
1527,296
1730,296
2472,296
2540,296
2604,296
2845,296
2907,296
1293,297
2103,298
1749,299
2621,300
1290,301
1748,301
70,302
801,302
1177,302
1328,302
1698,302
1917,302
2146,302
1046,303
2621,304
150,305
620,305
812,305
1146,305
1401,305
1685,305
1698,305
1882,305
2027,305
2129,305
2596,305
2966,305
795,306
1716,306
2015,307
40,308
1344,308
577,309
1039,309
2380,310
1381,311
1163,312
1181,313
2254,313
2716,313
695,314
246,315
407,315
465,315
546,315
1008,315
1071,315
1136,315
1269,315
1329,315
1411,315
2581,315
2741,315
2862,315
239,316
936,316
1316,316
1321,316
1351,316
1461,316
1527,316
1564,316
1731,316
1747,316
1830,316
1875,316
2082,316
2094,316
2365,316
2995,316
3047,316
261,317
2094,318
2604,318
589,319
946,319
1228,319
2100,319
71,320
198,320
198,320
347,320
407,320
465,320
1008,320
1136,320
1269,320
1304,320
1329,320
1381,320
1523,320
2660,320
407,321
1918,322
573,323
1262,323
1550,323
1909,323
45,324
108,324
128,324
131,324
198,324
218,324
275,324
301,324
367,324
546,324
1056,324
1108,324
1124,324
1135,324
1136,324
1316,324
1321,324
1389,324
1450,324
1493,324
1656,324
1712,324
1782,324
1882,324
1900,324
2018,324
2062,324
2084,324
2233,324
2331,324
2381,324
2405,324
2546,324
2557,324
2614,324
2649,324
2741,324
2758,324
2809,324
2878,324
2935,324
3040,324
999999,325
3006,326
682,327
1274,327
1304,327
1536,327
1327,328
198,329
2449,330
1600,331
1328,332
1780,333
2115,333
2339,333
858,334
1039,335
1177,336
405,337
946,337
1030,337
2103,337
2765,337
499,338
535,338
541,338
1106,338
1116,338
1129,338
1386,338
1598,338
1634,338
1909,338
2102,338
2164,338
2277,338
2389,338
2630,338
2815,338
2916,338
2980,338
801,339
1317,339
2920,339
1328,340
2719,340
80,341
220,342
1411,342
2094,342
2107,342
2269,342
2417,342
2604,342
1402,343
1128,344
1900,344
2614,344
2621,345
892,346
1274,346
1698,346
2097,347
643,348
438,349
490,349
528,349
812,349
813,349
1146,349
1251,349
1262,349
1287,349
1317,349
1344,349
1386,349
1536,349
1605,349
1720,349
1731,349
1738,349
1776,349
1784,349
1830,349
1909,349
2129,349
2286,349
2316,349
2343,349
2548,349
2573,349
2596,349
2604,349
2624,349
2739,349
2889,349
2920,349
3024,349
2641,350
422,351
379,352
1345,353
1551,354
2949,355
3030,355
2810,356
2082,357
1128,358
2264,359
478,360
526,360
1322,360
1840,360
2094,360
2107,360
2451,360
2604,360
2745,360
2978,360
2557,361
103,362
155,362
319,362
372,362
406,362
438,362
490,362
576,362
613,362
620,362
632,362
812,362
837,362
989,362
1102,362
1108,362
1321,362
1340,362
1490,362
1598,362
1634,362
1778,362
1838,362
1862,362
1863,362
1931,362
2083,362
2163,362
2254,362
2297,362
2327,362
2565,362
2751,362
2787,362
2876,362
999999,363
506,364
800,364
1322,364
2015,364
2862,364
1290,365
152,366
287,366
375,366
620,366
695,366
1258,366
1290,366
1340,366
1349,366
1421,366
1720,366
1748,366
1784,366
1875,366
2048,366
2102,366
2316,366
2327,366
2916,366
2397,367
1853,368
2725,368
528,369
573,369
620,369
934,369
1536,369
1546,369
2164,369
1033,370
1146,370
2129,370
2909,370
1093,371
3037,371
87,372
210,372
702,372
800,372
989,372
1113,372
1119,372
1128,372
1304,372
1322,372
1381,372
1411,372
1465,372
1853,372
1863,372
2279,372
2331,372
2660,372
2665,372
2741,372
3016,372
1684,373
1738,374
2604,375
1177,376
1598,376
2097,376
2182,376
2980,376
478,389
915,389
1896,389
2029,389
2473,389
2980,389
3006,389
2015,390
198,391
859,391
1008,391
1119,391
1136,391
2741,391
284,392
597,392
620,392
690,392
708,392
724,392
1421,392
3006,392
113,393
482,393
516,393
614,393
769,393
1139,393
1302,393
1304,393
1337,393
1361,393
1402,393
1634,393
1662,393
1721,393
1856,393
2097,393
2100,393
2107,393
2277,393
2449,393
2876,393
2929,393
2980,393
824,394
953,394
2916,394
287,394
2805,395
1979,396
133,397
210,397
465,397
485,397
546,397
702,397
813,397
859,397
989,397
1071,397
1082,397
1113,397
1381,397
1465,397
1900,397
2286,397
2472,397
2557,397
2660,397
2665,397
2705,397
2741,397
2862,397
50,398
864,398
1089,398
1302,398
1302,398
2449,398
2677,398
71,399
859,399
1136,399
1269,399
171,400
152,401
176,402
677,402
690,402
724,402
760,402
770,402
801,402
919,402
926,402
944,402
1025,402
1055,402
1146,402
1290,402
1340,402
1549,402
1605,402
1659,402
1731,402
1738,402
1875,402
2102,402
2167,402
2227,402
2269,402
2380,402
2389,402
2435,402
2466,402
2573,402
2584,402
2805,402
2828,402
2862,402
2876,402
2886,402
1046,403
1786,403
1800,403
461,404
587,404
461,404
2339,404
2886,404
160,405
178,405
211,405
989,405
71,406
1113,406
1344,406
632,407
812,407
932,407
1039,407
1128,407
1150,407
1344,407
1550,407
1947,407
2015,407
2452,407
3026,407
874,408
1748,409
2769,410
1322,411
1389,411
2282,411
2121,412
1662,413
1251,414
925,415
925,415
1344,416
547,417
2921,418
2343,419
38,420
50,420
59,420
178,420
467,420
518,420
529,420
620,420
626,420
643,420
653,420
849,420
929,420
1055,420
1083,420
1163,420
1165,420
1181,420
1199,420
1261,420
1262,420
1297,420
1321,420
1349,420
1354,420
1372,420
1373,420
1389,420
1421,420
1450,420
1457,420
1548,420
1554,420
1556,420
1595,420
1598,420
1605,420
1695,420
1698,420
1846,420
1863,420
1947,420
1975,420
2056,420
2062,420
2089,420
2091,420
2097,420
2100,420
2121,420
2240,420
2331,420
2342,420
2383,420
2414,420
2473,420
2557,420
2573,420
2597,420
2604,420
2607,420
2696,420
2758,420
2782,420
2795,420
2796,420
2851,420
2862,420
2949,420
2966,420
3037,420
41,420
76,420
111,420
634,420
228,420
1334,420
1163,457
1152,420
2851,425
2916,425
1215,425
1163,426
1133,427
375,428
916,429
115,430
389,430
422,430
597,430
600,430
637,430
717,430
760,430
929,430
943,430
1199,430
1262,430
1389,430
1403,430
1417,430
1420,430
1420,430
1605,430
1684,430
1695,430
1702,430
1716,430
1765,430
1775,430
1838,430
1854,430
1904,430
2004,430
2140,430
2163,430
2249,430
2285,430
2383,430
2413,430
2473,430
2539,430
2550,430
2584,430
2604,430
2669,430
2727,430
2732,430
2795,430
2851,430
1215,430
269,430
2357,430
491,430
677,430
1152,430
1135,430
446,430
1136,439
1165,440
1148,441
600,442
1112,442
1135,442
1108,444
1281,444
1112,444
765,446
319,447
2379,448
1133,449
375,450
1863,451
942,452
927,453
801,454
2463,455
785,456
795,456
849,456
1354,456
25,457
50,457
115,457
117,457
160,457
193,457
233,457
303,457
389,457
445,457
451,457
541,457
557,457
587,457
597,457
600,457
620,457
637,457
643,457
690,457
717,457
760,457
781,457
782,457
795,457
801,457
865,457
896,457
905,457
929,457
972,457
1055,457
1083,457
1100,457
1113,457
1133,457
1148,457
1158,457
1199,457
1265,457
1266,457
1320,457
1320,457
1344,457
1349,457
1356,457
1389,457
1457,457
1484,457
1525,457
1554,457
1555,457
1595,457
1598,457
1605,457
1695,457
1698,457
1716,457
1721,457
1775,457
1783,457
1813,457
1828,457
1838,457
1846,457
1853,457
1854,457
1863,457
1917,457
1941,457
1947,457
1980,457
2004,457
2062,457
2091,457
2094,457
2097,457
2100,457
2130,457
2154,457
2159,457
2163,457
2165,457
2182,457
2208,457
2249,457
2316,457
2331,457
2357,457
2380,457
2413,457
2417,457
2463,457
2464,457
2466,457
2473,457
2550,457
2568,457
2696,457
2697,457
2700,457
2725,457
2766,457
2796,457
2801,457
2817,457
2851,457
2980,457
2996,457
3037,457
2573,457
15,457
46,457
111,457
113,457
150,457
152,457
176,457
345,457
929,457
1825,461
600,462
942,463
1116,464
853,465
2795,466
2816,467
637,468
37,415
59,430
65,430
113,430
150,430
160,430
193,430
225,430
2817,430
181,442
150,444
269,455
178,468
1730,482
245,483
181,484
157,493
198,486
178,508
171,509
2466,430
946,490
1083,491
563,491
1135,491
2062,491
942,492
2526,493
2597,493
1203,494
807,495
1128,496
929,497
171,498
315,498
346,498
445,498
562,498
650,498
782,498
786,498
1039,498
1100,498
1124,498
1155,498
1165,498
1236,498
1297,498
1321,498
1349,498
1372,498
1422,498
1450,498
1484,498
1554,498
1554,498
1598,498
1730,498
1805,498
2343,498
2378,498
2403,498
2452,498
2466,498
2475,498
2479,498
2526,498
2551,498
2557,498
2604,498
2766,498
2826,498
2851,498
2886,498
2996,498
3024,498
1160,499
623,500
268,501
614,502
614,503
614,504
1321,505
2062,513
309,508
309,508
929,509
1143,509
1158,509
1199,509
1533,509
2062,509
2331,509
2980,509
1322,510
2565,513
1662,513
1887,513
2303,430
16,514
37,514
42,514
45,514
46,514
59,514
63,514
65,514
77,514
133,514
202,514
217,514
294,514
435,514
597,514
717,514
838,514
1302,514
1303,514
1386,514
2121,514
2136,514
2380,514
2380,514
2385,514
2385,514
2630,514
2765,514
547,515
606,515
824,515
1490,515
1554,515
1778,515
1876,515
2539,515
2557,515
2560,515
2790,515
2982,515
615,515
2375,515
330,515
664,516
731,516
1436,516
1436,516
1625,516
2165,516
412,519
2778,520
2282,521
2282,516
245,523
263,523
269,523
287,523
389,523
392,523
464,523
478,523
545,523
582,523
600,523
606,523
622,523
623,523
666,523
677,523
695,523
724,523
731,523
760,523
795,523
801,523
814,523
824,523
849,523
905,523
919,523
943,523
988,523
1043,523
1044,523
1077,523
1089,523
1098,523
1123,523
1128,523
1129,523
1165,523
1190,523
1218,523
1288,523
1302,523
1303,523
1328,523
1340,523
1345,523
1347,523
1349,523
1372,523
1428,523
1438,523
1438,523
1528,523
1554,523
1722,523
1723,523
1730,523
1778,523
1783,523
1793,523
1800,523
1804,523
1808,523
1813,523
1818,523
1831,523
1834,523
1876,523
1934,523
1942,523
1980,523
1999,523
2027,523
2048,523
2070,523
2095,523
2097,523
2133,523
2137,523
2154,523
2163,523
2164,523
2182,523
2183,523
2221,523
2251,523
2267,523
2292,523
2357,523
2413,523
2435,523
2451,523
2503,523
2531,523
2538,523
2539,523
2557,523
2573,523
2602,523
2629,523
2641,523
2669,523
2695,523
2697,523
2698,523
2700,523
2702,523
2719,523
2727,523
2775,523
2790,523
2795,523
2796,523
2818,523
2821,523
2831,523
2880,523
2886,523
2939,523
2980,523
3029,523
1140,523
1402,523
1402,523
424,523
1708,523
2361,523
770,523
2843,523
2495,523
493,523
1083,530
1386,530
2466,530
1800,538
2585,517
233,534
247,534
519,534
664,534
1262,534
2778,534
2949,534
2982,534
1854,534
2727,534
1805,536
664,537
1854,537
2862,537
786,538
450,539
478,539
2828,517
1490,515
115,542
2120,542
5,544
1333,544
1372,544
2357,544
478,545
1261,545
387,546
418,546
2751,547
2374,548
622,549
622,550
2815,551
750,552
1483,553
2751,553
397,554
731,555
557,556
2082,557
1327,558
1327,783
1327,929
2695,653
677,562
752,562
919,562
1013,562
1208,562
1490,562
2357,562
2565,562
2573,562
2649,562
2667,562
2787,562
1397,562
1386,985
2674,985
763,564
1129,564
2667,565
2630,994
526,676
117,568
1372,568
1853,568
2629,568
2029,983
1702,574
4,571
117,571
1013,571
2602,571
245,572
188,573
261,573
300,573
445,573
543,573
760,573
931,573
1061,573
1158,573
1483,573
1628,573
1828,573
2389,573
2394,573
2575,573
2584,573
2622,573
2751,573
188,574
196,574
708,574
1345,574
1397,574
1625,574
2705,729
16,576
47,576
50,576
152,576
153,576
155,576
166,576
943,576
613,1061
2863,578
166,572
853,1063
2140,1063
812,562
547,1061
2863,583
2108,584
2062,585
2863,1286
2279,589
1395,590
1395,590
1424,591
1635,591
1554,591
2493,1104
1800,1318
2863,1370
796,635
420,4
526,1137
2362,523
2863,606
708,607
2279,608
2526,609
1765,610
1942,654
188,614
1716,614
2671,557
853,1208
389,1208
824,1208
2886,1208
627,557
2029,619
92,620
198,621
735,1217
451,623
897,624
2466,624
185,1248
1314,1259
597,1259
2361,629
2831,630
2493,1234
200,632
1904,633
2232,1406
1698,635
438,707
528,984
387,1286
2862,639
2375,641
2173,643
151,557
209,557
284,557
386,557
478,557
531,557
752,557
798,557
1303,557
1303,557
1319,557
1333,557
1359,557
1402,557
1402,557
1794,557
1934,557
2341,557
2357,557
2365,557
2389,557
2393,557
2448,557
2478,557
2697,557
2282,557
1328,1286
397,1334
2339,1331
2641,1331
269,635
59,653
92,653
2499,653
622,654
1129,654
1266,654
1302,654
1302,654
1554,654
2466,654
2880,654
3029,654
2996,654
2221,654
801,655
103,562
245,562
406,562
438,562
613,562
976,562
996,562
1321,562
1696,562
1838,562
1862,562
1863,562
1904,562
2472,562
2495,562
2751,562
2766,562
510,1334
717,1405
647,659
854,659
2478,659
493,659
535,659
1310,659
1310,659
1633,1336
1633,1335
835,1335
1347,1335
1349,1335
1436,1335
1628,1335
2394,1335
1190,1335
1199,1335
451,1335
1436,1335
1748,1335
446,663
1302,669
2435,669
1354,654
1397,654
1793,654
1302,669
1386,669
1386,669
1775,669
1800,669
2230,669
2362,669
2385,669
2801,669
1165,669
2560,669
854,668
724,669
1813,669
930,670
2540,1334
1218,1336
510,1248
478,1336
708,1336
905,1335
2862,676
2538,677
2478,678
703,654
1397,654
1834,654
2097,654
2303,654
2339,654
2464,654
2479,654
2560,654
2602,654
2621,654
493,654
2827,654
943,669
1428,669
2164,669
2182,669
2215,669
2764,669
2980,669
1643,654
2999,654
944,684
1834,685
5,653
115,653
117,653
155,653
188,1335
77,688
80,688
108,688
506,688
599,688
619,688
620,688
623,688
647,688
1039,688
1067,688
1136,688
1143,688
1172,688
1199,688
1319,688
1322,688
1395,688
1395,688
1403,688
1424,688
1472,688
1696,688
1698,688
1853,688
1870,688
1943,688
1951,688
1975,688
2023,688
2084,688
2115,688
2128,688
2136,688
2140,688
2163,688
2249,688
2255,688
2257,688
2475,688
2526,688
2573,688
2796,688
2818,688
2862,688
2990,688
2575,688
2435,688
2385,689
757,690
895,691
1056,692
2112,693
1056,694
1097,695
626,696
757,697
63,698
807,699
895,700
181,701
1097,701
15,703
2341,704
1536,688
15,706
789,707
1503,707
1810,707
2129,707
2331,707
2334,707
2341,707
2584,707
2649,707
2924,707
2940,707
576,707
950,707
504,707
2725,708
1882,709
2224,710
1810,711
1167,711
1256,711
1810,711
2389,711
2980,711
2669,711
2435,712
2698,713
29,714
65,714
115,714
150,714
151,714
185,714
225,714
280,714
301,714
451,714
667,714
816,714
828,714
1055,714
1372,714
1813,714
1853,714
1876,714
2070,714
2316,714
2434,714
2457,714
2607,714
2641,714
2687,714
2695,714
2760,714
2761,714
2765,714
1721,715
1240,716
1845,717
824,718
1533,719
421,720
2130,720
2008,721
491,722
2389,723
267,724
1234,724
1073,725
1717,726
527,727
383,728
1748,728
1186,729
1402,729
1402,729
1533,729
2259,729
2289,729
751,729
1030,730
374,733
2327,734
5,731
25,731
60,731
115,731
171,731
176,731
188,731
397,731
518,731
853,731
1190,731
1979,731
2380,731
2698,731
1199,732
2133,733
263,733
2859,734
2463,735
1613,736
1422,737
1436,737
1745,737
2550,737
2815,737
1436,737
1786,738
2629,738
2796,738
58,739
387,739
430,739
491,739
493,739
552,739
683,739
689,739
854,739
914,739
919,739
944,739
1061,739
1100,739
1104,739
1129,739
1150,739
1175,739
1203,739
1233,739
1277,739
1288,739
1354,739
1438,739
1438,739
1531,739
1549,739
1600,739
1613,739
1625,739
1633,739
1702,739
1787,739
1832,739
1834,739
1873,739
1916,739
1931,739
1934,739
1997,739
2048,739
2097,739
2232,739
2242,739
2324,739
2327,739
2329,739
2471,739
2495,739
2499,739
2655,739
2674,739
2697,739
2700,739
2702,739
2729,739
2760,739
2776,739
2782,739
2821,739
2844,739
2866,739
3013,739
617,739
422,740
2795,740
2982,740
41,741
46,741
50,741
180,741
478,741
865,741
1602,741
2380,741
178,741
108,741
113,741
490,741
531,741
535,741
563,741
620,741
647,741
795,741
916,741
925,741
1148,741
1165,741
1361,741
1578,741
1887,741
2013,741
2023,741
2111,741
2115,741
2136,741
2138,741
2249,741
2297,741
2331,741
2337,741
2565,741
2705,741
2792,741
2878,741
2921,741
3000,741
3005,741
3039,741
1146,741
637,742
2498,742
1138,743
349,744
2403,742
3024,742
337,745
446,746
1810,747
558,748
571,748
905,748
943,748
1592,748
1644,748
1660,748
1980,748
1993,748
1997,748
3026,748
3030,748
576,749
29,750
680,751
3040,751
1333,752
677,753
1240,754
1436,755
1436,739
1794,756
1607,757
944,758
573,759
667,759
1668,759
280,760
1046,760
1853,760
27,760
349,760
389,760
392,760
407,760
422,760
446,760
506,760
510,760
516,760
518,760
546,760
621,760
739,760
752,760
771,760
782,760
785,760
874,760
876,760
896,760
925,760
931,760
976,760
1083,760
1262,760
1310,760
1310,760
1422,760
1436,760
1436,760
1457,760
1464,760
1466,760
1605,760
1717,760
1721,760
1782,760
1813,760
1870,760
1876,760
1892,760
1974,760
2023,760
2056,760
2263,760
2457,760
2550,760
2565,760
2698,760
2725,760
2787,760
2817,760
2939,760
42,760
73,760
77,760
95,760
110,760
113,760
8,761
25,761
38,761
44,761
50,761
65,761
76,761
79,761
80,761
81,761
109,761
131,761
147,761
164,761
225,761
225,761
233,761
576,761
1189,761
1266,761
2755,761
117,761
349,761
677,761
771,761
824,761
1351,761
1395,761
1395,761
1464,761
1523,761
1559,761
1613,761
1706,761
1707,761
1716,761
1717,761
1718,761
1721,761
1821,761
1974,761
2002,761
2183,761
2263,761
2325,761
2380,761
2457,761
2545,761
2696,761
349,762
1381,762
1381,762
1386,762
2600,762
2643,762
2796,762
2805,762
4,763
46,763
63,763
795,763
2303,763
776,763
789,763
29,764
51,764
63,764
76,764
1039,764
8,764
38,765
47,765
69,765
153,765
228,765
266,765
303,765
339,765
340,765
518,765
623,765
1148,765
1148,765
2381,765
2880,765
1075,765
2526,766
2920,767
1421,768
1070,769
1321,770
405,771
1648,771
874,772
2935,773
528,774
667,774
1071,774
1136,774
1655,774
372,774
1136,775
2277,775
781,776
2269,777
499,778
415,779
220,780
2745,780
193,781
1181,781
1748,782
1163,783
1177,783
1840,783
2164,783
1290,784
1421,784
2473,784
2916,784
1748,786
1655,787
2379,787
1696,790
925,790
946,790
1055,790
1148,790
1648,791
1549,792
1290,793
68,794
372,794
2123,794
2146,794
2163,794
2254,794
2268,794
2083,795
1075,796
2815,797
2641,798
1685,799
695,800
1748,800
1931,802
1527,803
1199,804
1198,805
1177,806
972,807
1233,807
1251,807
1745,807
2187,807
1129,808
406,809
702,809
1070,809
1251,809
1351,809
2048,809
2113,809
2187,809
2316,809
2327,809
896,809
2669,810
3024,811
616,812
1548,812
2128,812
2129,812
2641,812
528,813
934,813
1113,813
1853,813
1135,814
1549,814
1778,814
2886,814
422,814
379,815
919,815
1804,815
1853,815
2526,816
1150,817
1853,817
2573,817
541,819
597,819
944,819
1129,819
3037,819
1146,820
357,821
445,821
461,821
485,821
925,821
929,821
1039,821
1071,821
1113,821
1143,821
1146,821
1961,821
2004,821
2340,821
2892,821
896,821
1093,821
2845,821
813,821
461,822
1397,822
1397,822
1314,823
379,824
422,824
892,824
896,824
1113,824
2526,824
643,824
626,826
925,826
1093,826
1113,826
1128,826
1251,826
1304,826
1523,826
1602,826
1628,826
1853,826
2452,826
2705,826
1039,826
2340,826
1337,827
1404,828
3026,829
600,830
1056,830
1135,830
1782,830
2062,830
2233,830
2452,830
1172,831
1742,832
1177,833
406,834
1655,835
2614,836
2475,837
2815,837
1389,838
1389,838
2614,838
1035,839
1598,839
1702,839
2766,839
1181,839
1290,839
1979,840
1199,841
2725,842
690,843
722,843
824,843
953,843
1033,843
1128,843
1152,843
1177,843
1243,843
1259,843
1290,843
1354,843
2027,843
2114,843
2187,843
2327,843
2339,843
2845,843
1536,844
1357,845
1321,846
2718,847
2809,848
2277,849
2097,849
2097,859
1493,851
1656,852
1918,853
420,854
731,854
1005,854
1113,854
1303,854
1303,854
1621,854
2718,854
1628,855
1309,856
1309,856
1136,858
953,858
442,859
581,859
625,859
639,859
771,859
798,859
813,859
1008,859
1056,859
1128,859
1155,859
1304,859
1304,859
1976,859
2268,859
2452,859
600,859
2062,859
2331,859
1450,859
2888,861
1043,862
722,863
46,864
1031,864
1071,864
1317,864
1536,864
1738,864
1349,864
1349,784
2331,866
1138,867
796,868
1113,868
1251,868
1304,868
1685,868
2795,868
2886,869
2164,870
2268,870
573,871
1386,872
1258,872
1258,784
2815,874
1546,875
490,876
837,877
1167,879
485,880
1960,881
946,882
2886,883
1748,884
1546,885
1302,886
1302,886
2286,887
602,888
1025,888
1056,888
1071,888
1082,888
1146,888
1262,888
1738,888
1853,888
1865,888
2379,888
2389,888
2466,888
2581,888
2828,888
1025,889
2584,888
2649,891
1148,892
628,894
1551,894
1033,895
1056,895
2129,895
2909,895
2526,896
1634,897
1056,898
813,898
858,898
953,898
1778,898
2331,898
2581,898
360,898
245,899
1148,900
2473,901
1345,902
587,903
650,903
785,903
1129,903
1262,903
1287,903
1492,903
1554,903
1634,903
1738,903
1765,903
2163,903
2389,903
2751,903
2823,903
2886,903
2339,903
1386,904
1128,905
813,906
3017,907
1304,908
1304,908
2331,909
406,910
2097,910
2114,910
2473,910
2526,910
2799,910
541,911
2343,911
2503,911
2641,911
407,912
3030,913
1166,914
1317,914
1533,914
1549,914
1909,914
2327,914
2539,914
2607,914
2669,914
2769,914
2837,914
573,914
573,927
824,917
896,917
824,918
2015,919
2062,920
1549,921
3016,922
1263,923
2327,924
2115,925
666,926
695,927
695,784
375,928
800,929
944,929
1163,929
1889,929
2015,929
2435,929
551,864
51,930
160,930
211,930
315,930
342,930
349,930
356,930
374,930
571,930
630,930
636,930
705,930
761,930
1355,930
1358,930
1371,930
1598,930
1620,930
2172,930
2179,930
2181,930
2190,930
2205,930
2269,930
2322,930
2329,930
2585,930
2600,930
2629,930
2805,930
76,140
77,149
722,221
722,241
27,269
27,935
722,305
27,318
160,406
107,939
117,939
133,939
160,939
345,939
349,939
374,939
625,939
650,939
651,939
652,939
680,939
687,939
689,939
706,939
707,939
717,939
719,939
722,939
730,939
755,939
761,939
763,939
771,939
788,939
789,939
800,939
801,939
816,939
828,939
840,939
876,939
879,939
905,939
976,939
980,939
981,939
986,939
992,939
993,939
1014,939
1033,939
1048,939
1054,939
1070,939
1072,939
1155,939
1265,939
1266,939
1269,939
1289,939
1297,939
1403,939
1408,939
1409,939
1409,939
1580,939
1592,939
1598,939
1684,939
1697,939
1731,939
1763,939
1840,939
1927,939
1943,939
2056,939
2120,939
2154,939
2277,939
2290,939
2308,939
2315,939
2327,939
2333,939
2348,939
2548,939
2585,939
2596,939
2600,939
2603,939
2624,939
2640,939
2653,939
2655,939
2656,939
2689,939
2701,939
2805,939
757,940
2526,941
719,942
1484,943
2818,944
2821,944
556,944
1044,944
3039,944
1312,945
1312,945
1345,946
2916,947
2916,947
2916,947
986,948
849,949
2062,953
1362,950
1044,951
2164,952
2782,953
303,953
59,953
2662,931
2787,931
2761,931
755,954
1044,955
2471,956
2499,956
577,958
576,958
2793,959
2449,960
1630,931
583,962
932,963
620,964
1102,965
896,966
1882,967
51,968
2845,969
897,970
616,970
185,953
2181,971
350,972
1215,973
303,974
8,931
15,931
16,931
40,931
45,931
52,931
77,931
83,931
89,931
95,931
118,931
150,931
151,931
210,931
246,931
356,931
360,931
387,931
405,931
415,931
434,931
435,931
478,931
490,931
495,931
511,931
516,931
518,931
526,931
546,931
562,931
589,931
611,931
614,931
623,931
626,931
627,931
632,931
667,931
677,931
682,931
719,931
726,931
747,931
753,931
761,931
769,931
840,931
858,931
859,931
877,931
898,931
927,931
989,931
1005,931
1008,931
1082,931
1098,931
1116,931
1155,931
1163,931
1165,931
1259,931
1269,931
1274,931
1293,931
1295,931
1304,931
1304,931
1310,931
1310,931
1316,931
1322,931
1327,931
1328,931
1372,931
1410,931
1410,931
1450,931
1486,931
1489,931
1521,931
1550,931
1578,931
1590,931
1595,931
1605,931
1611,931
1628,931
1656,931
1668,931
1684,931
1685,931
1698,931
1702,931
1704,931
1724,931
1755,931
1765,931
1776,931
1780,931
1830,931
1890,931
1950,931
1997,931
2015,931
2018,931
2042,931
2097,931
2102,931
2133,931
2136,931
2146,931
2152,931
2167,931
2179,931
2190,931
2211,931
2227,931
2239,931
2242,931
2257,931
2267,931
2268,931
2282,931
2286,931
2289,931
2306,931
2337,931
2343,931
2374,931
2376,931
2380,931
2397,931
2405,931
2439,931
2452,931
2453,931
2479,931
2546,931
2559,931
2604,931
2612,931
2628,931
2630,931
2641,931
2658,931
2661,931
2741,931
2745,931
2772,931
2782,931
2826,931
2882,931
2890,931
2929,931
2980,931
2995,931
5,931
2331,975
813,976
2941,976
2331,978
2756,979
1483,980
2417,980
26,982
623,982
651,982
981,982
1108,982
1148,982
1528,982
1716,982
1852,982
1888,982
1999,982
2282,982
2282,982
2756,982
2761,982
2886,982
999999,982
1935,982
2331,983
2389,984
1,985
4,985
8,985
50,985
59,985
65,985
80,985
87,985
92,985
150,985
176,985
217,985
225,985
266,985
435,985
451,985
510,985
537,985
623,985
795,985
813,985
996,985
1039,985
1046,985
1100,985
1102,985
1123,985
1262,985
1295,985
1302,985
1347,985
1372,985
1396,985
1396,985
1397,985
1417,985
1525,985
1548,985
1550,985
1554,985
1578,985
1598,985
1720,985
1765,985
1778,985
1889,985
1904,985
1947,985
1997,985
2004,985
2115,985
2133,985
2165,985
2237,985
2240,985
2254,985
2267,985
2307,985
2464,985
2574,985
2602,985
2624,985
2813,985
2816,985
2818,985
2826,985
2875,985
2897,985
2916,985
3037,985
3039,985
1980,986
591,986
1143,988
1401,988
1401,988
1595,988
2297,988
942,989
993,990
406,991
1044,992
591,992
408,994
591,994
597,994
978,995
849,992
25,997
46,997
65,997
108,997
152,997
250,997
451,997
556,997
643,997
717,997
801,997
944,997
1055,997
1902,997
1947,997
1975,997
2154,997
2165,997
2277,997
2282,997
2331,997
2340,997
2357,997
2394,997
2463,997
2466,997
2473,997
2539,997
2621,997
2641,997
2697,997
2796,997
2982,997
3037,997
2843,998
1917,999
2403,1000
896,1001
919,1001
2140,1002
2764,1003
2996,1004
988,1005
1813,1006
188,1007
1854,1008
1813,1009
151,1010
626,1010
634,1010
708,1010
755,1010
932,1010
1107,1010
1108,1010
1186,1010
1233,1010
1303,1010
1303,1010
1328,1010
1333,1010
1337,1010
1361,1010
1548,1010
1557,1010
1607,1010
1909,1010
1917,1010
2023,1010
2107,1010
2173,1010
2227,1010
2249,1010
2279,1010
2327,1010
2393,1010
2453,1010
2473,1010
2545,1010
2550,1010
2649,1010
2726,1010
2862,1010
2907,1010
2924,1010
999999,1010
558,1011
1135,1017
1853,1012
2530,1013
945,1014
1784,1022
558,1016
667,1017
1395,1017
1395,1017
1402,1017
1402,1017
1655,1017
2062,1017
2098,1017
3047,1017
1656,1018
841,1019
828,1020
828,1028
1112,1021
558,1022
1129,1023
828,1024
877,1024
558,1025
558,1026
1578,1027
2297,1028
1128,1029
558,1030
1319,1017
1030,1031
2478,1024
2292,1026
478,1010
597,1032
115,1002
139,1002
176,1002
202,1002
269,1002
518,1002
853,1002
1044,1002
1152,1002
1158,1002
1421,1002
1436,1002
1436,1002
1813,1002
1902,1002
2316,1002
2394,1002
2621,1002
2801,1002
2843,1002
2909,1002
25,991
171,991
186,991
217,991
228,991
245,991
269,991
337,991
597,991
600,991
632,991
647,991
735,991
791,991
801,991
849,991
905,991
907,991
916,991
919,991
930,991
943,991
978,991
1013,991
1033,991
1089,991
1128,991
1143,991
1158,991
1226,991
1288,991
1321,991
1401,991
1401,991
1438,991
1438,991
1598,991
1605,991
1684,991
1863,991
1904,991
1941,991
2004,991
2070,991
2121,991
2146,991
2240,991
2268,991
2315,991
2357,991
2413,991
2495,991
2573,991
2649,991
2655,991
2669,991
2727,991
2732,991
2736,991
2751,991
2775,991
2787,991
2897,991
2919,991
752,991
576,991
1061,1033
115,1033
108,1034
591,1034
2907,1034
2457,1035
2946,1036
350,1122
977,1038
2677,1040
1107,1040
595,1041
2545,715
977,1043
2140,1044
862,1045
408,1046
160,1047
471,986
2361,1049
2813,1049
2778,1050
1818,1051
789,1052
160,1053
1083,1054
1140,1055
747,1056
355,1057
1077,1063
1600,1059
2214,1060
2674,1061
345,1063
80,1063
217,1063
263,1063
294,1063
350,1063
375,1063
397,1063
412,1063
464,1063
545,1063
591,1063
622,1063
623,1063
643,1063
717,1063
760,1063
785,1063
795,1063
837,1063
849,1063
896,1063
919,1063
943,1063
988,1063
993,1063
1098,1063
1123,1063
1158,1063
1165,1063
1177,1063
1181,1063
1203,1063
1226,1063
1233,1063
1288,1063
1290,1063
1354,1063
1372,1063
1428,1063
1643,1063
1695,1063
1765,1063
1793,1063
1828,1063
1831,1063
1834,1063
1842,1063
1846,1063
1950,1063
1980,1063
2175,1063
2230,1063
2251,1063
2267,1063
2343,1063
2464,1063
2473,1063
2531,1063
2539,1063
2597,1063
2630,1063
2655,1063
2716,1063
2795,1063
2800,1063
2818,1063
2821,1063
2916,1063
2939,1063
2996,1063
2602,1063
1044,1063
2357,1063
1775,1063
1874,1063
553,1063
2935,1064
339,1065
1527,1066
916,562
1302,562
1302,562
1044,1068
2048,1068
2674,1068
1256,1071
1536,1071
1233,1072
2687,1336
2249,1074
2331,1074
2224,1076
1181,544
491,1078
1838,1078
193,1078
2851,1079
865,1080
1555,1080
27,1080
801,1080
2120,1080
1866,1081
1997,545
70,1083
622,1084
2618,1085
2224,546
2464,1087
926,1089
1800,1089
339,283
1500,1091
795,1092
170,1093
2916,1094
862,1095
178,1096
407,1096
309,1096
944,1097
927,1098
38,1099
337,1100
2985,1101
152,1102
150,1103
1262,1103
943,1104
1472,1104
2394,1104
2521,1104
2982,1104
1181,1105
589,1061
42,1107
1316,1212
471,1109
1998,568
2241,568
2878,1112
175,1113
111,1114
1100,1115
2526,1062
157,1063
1396,1118
427,1119
2357,1120
1177,1121
87,1122
115,1122
117,1122
202,1122
600,1122
1143,1122
1198,1122
1243,1122
1297,1122
1438,1122
1438,1122
1828,1122
1838,1122
1856,1122
1979,1122
2002,1122
2023,1122
2051,1122
2091,1122
2136,1122
2183,1122
2357,1122
2480,1122
2642,1122
2778,1122
2818,1122
2825,1122
2831,1122
2982,1122
1303,1122
1303,1122
2796,1122
2129,1123
667,1124
1615,1125
557,1126
2478,1127
400,1131
1793,1129
2705,1130
166,659
1549,659
1907,659
14,1132
865,1001
1165,1001
1828,1001
2568,1001
71,1134
250,1135
2078,1136
537,1137
765,1138
1112,1139
2331,1140
695,1141
798,1142
689,1143
1136,1144
2361,1144
2282,1144
347,1146
2880,1147
263,1148
1834,1148
2140,1149
2851,1150
897,1151
2175,1151
853,1152
1446,1153
217,1335
1362,1335
420,1155
445,1155
2059,1156
435,1157
606,1157
1190,1157
1722,1157
1832,1157
1854,1157
2230,1157
2697,1157
2800,1157
2818,1157
2825,1157
2916,1157
1730,1158
1736,1159
1135,1160
1902,1161
188,1162
782,1162
1218,1162
2208,1162
2329,1162
557,1163
420,1164
225,1165
986,1010
726,1167
2343,1168
795,1169
269,1170
1934,1171
1997,1171
1999,1171
1428,1172
1842,1172
2121,1172
2939,1172
2414,1173
427,991
619,1175
1266,1176
695,1177
2282,1178
1941,1179
918,986
5,1181
2070,992
1866,1183
2174,1184
896,1185
2241,1185
606,1187
1436,1187
1436,1187
1600,1188
1873,1189
1749,1190
110,1191
150,197
485,1017
356,1194
859,1196
2140,283
2725,1029
65,1197
2862,1198
2269,992
186,994
1438,994
1438,994
2078,994
2538,1201
331,1202
350,1202
622,1202
623,1202
677,1202
1163,1202
2758,1202
2880,1202
2909,1202
556,1202
1828,1202
945,1202
94,1202
754,1202
412,1208
59,1208
217,1208
435,1208
613,1208
1934,1208
2175,1208
2241,1208
2531,1208
2655,1208
2062,1209
127,1211
139,1212
1316,1212
2775,1212
1804,1212
589,1212
2736,1212
2862,1212
2277,1212
1052,1213
1818,1214
1056,1215
10,1216
1595,1217
356,1218
2303,1219
623,1220
2380,1221
1825,1222
2357,1223
107,1223
1800,1223
972,1223
1165,1223
2573,1223
897,1223
1233,1230
896,1231
1745,1232
2980,1233
408,1234
1347,1234
2687,1234
2778,1234
2986,1234
925,1234
2813,1235
1831,1236
2800,1234
1143,1234
1625,1234
2946,1234
1845,1241
1846,1336
1800,1243
2687,1336
2813,1004
2230,1245
2827,1245
2062,1247
2687,1247
1077,1248
1086,1248
1265,1248
1288,1248
1373,1248
1410,1248
1410,1248
1628,1248
1722,1248
2198,1248
2357,1248
2674,1248
2716,1248
2021,1248
110,553
854,553
1098,1251
545,1007
1525,1007
547,1007
1143,1007
1158,1007
1845,1234
29,1254
263,1254
606,1254
781,1254
824,1254
837,1254
944,1254
1158,1254
1266,1254
1436,1254
1436,1254
1602,1254
1765,1254
1775,1254
2655,1254
2697,1254
2539,1254
171,1255
583,1256
722,1257
1808,1331
1083,1259
2121,1259
160,1260
178,1260
1218,1005
337,1262
161,1263
1019,1264
795,1265
2351,714
2342,714
2182,714
1605,729
1135,1271
1135,1209
634,1271
916,1271
1123,1271
1870,1271
1980,1271
2249,1271
2327,1271
2568,1271
2980,1271
1265,1254
1345,1254
117,1273
407,707
228,1275
616,1276
1108,1277
275,1278
1116,1279
2357,1280
303,1281
774,1282
1472,1283
1203,1284
139,1007
263,1007
269,1007
408,1007
412,1007
591,1007
643,1007
760,1007
776,1007
837,1007
882,1007
897,1007
905,1007
925,1007
943,1007
993,1007
1044,1007
1061,1007
1085,1007
1190,1007
1288,1007
1290,1007
1338,1007
1347,1007
1349,1007
1625,1007
1641,1007
1834,1007
1842,1007
1845,1007
2070,1007
2230,1007
2357,1007
2435,1007
2480,1007
2560,1007
2585,1007
2800,1007
2813,1007
2821,1007
2827,1007
2916,1007
2980,1007
677,1007
622,1007
2007,1007
2727,1007
217,1007
2367,1007
1077,1007
2602,1007
2182,1286
695,1287
813,1288
2843,1289
1775,1290
2357,1290
2539,1290
2996,1290
1722,1294
1614,1295
518,1296
617,1296
1199,1296
2313,1299
2875,1300
1578,1301
201,1302
918,1302
1129,1302
1181,1302
2282,1302
2029,1307
815,1308
1438,1309
1438,1309
1578,1311
529,1312
695,1313
1216,1314
643,1315
1851,1316
408,1317
977,1317
1403,1317
1504,1317
1656,1317
2129,1317
2316,1317
2328,1317
2340,1317
2545,1317
2919,1317
2307,1318
2916,1319
1979,1320
2021,1320
2164,1320
464,1320
2796,1320
2831,1320
1258,1326
58,1327
2277,1331
1086,1331
132,1331
1181,1331
117,1332
2328,1333
117,1334
245,1334
813,1334
835,1334
1997,1334
2379,1334
2796,1334
2988,1334
2986,1335
1718,1336
1158,1337
977,1336
1809,1338
625,1339
2756,1335
2756,1336
2221,1335
1129,1335
1396,1335
1410,1335
1427,1335
1438,1335
1525,1335
1528,1335
1531,1335
1625,1335
2137,1335
2641,1335
2697,1335
408,1335
1240,1335
1800,1335
2163,1335
2183,1335
2230,1335
2242,1335
2606,1335
1061,1335
261,1335
269,1335
760,1335
837,1335
925,1335
931,1335
943,1335
1052,1335
1081,1335
1098,1335
1158,1335
1255,1335
1266,1335
1310,1335
1410,1335
1438,1335
1934,1335
2070,1335
2357,1335
2421,1335
2480,1335
2800,1335
2801,1335
2813,1335
2826,1335
2980,1335
2982,1335
1158,1336
2825,1336
854,1336
1061,1336
1081,1336
2182,1336
2986,1336
2946,1336
1702,1340
1716,1341
1902,1341
977,1341
977,1341
695,1344
26,1290
115,1290
176,1290
929,1290
1809,1346
482,1347
1089,1348
2209,1348
253,1349
414,1350
269,1351
269,1352
415,1353
342,1354
415,1355
505,1356
2878,382
1863,382
2574,382
188,388
